{"cameraMode":{"drawMode":0,"name":"Shaded","section":"Shading Mode"},"sceneLighting":false,"audioPlay":false,"sceneViewState":{"showFog":true,"showMaterialUpdate":false,"showSkybox":false,"showFlares":true,"showImageEffects":true,"showParticleSystems":true},"in2DMode":false,"pivot":{"x":1.6175000667572022,"y":1.520878791809082,"z":-0.015572547912597657},"rotation":{"x":0.19252032041549684,"y":0.028267091140151025,"z":-0.005549396388232708,"w":0.9808761477470398},"size":2.3875794410705568,"orthographic":false}