{"cameraMode":{"drawMode":0,"name":"Shaded","section":"Shading Mode"},"sceneLighting":false,"audioPlay":false,"sceneViewState":{"showFog":true,"showMaterialUpdate":false,"showSkybox":false,"showFlares":true,"showImageEffects":true,"showParticleSystems":true},"in2DMode":false,"pivot":{"x":0.0,"y":0.3544999957084656,"z":2.9802322387695315e-8},"rotation":{"x":-0.38239607214927676,"y":0.03683542087674141,"z":-0.015266136266291142,"w":-0.9231579899787903},"size":0.2658061981201172,"orthographic":false}